[
    {
        "latitude": 15.7074,
        "longitude": 120.1859,
        "acq_date": "2023-01-01",
        "acq_time": "0217",
        "satellite": "Terra",
        "instrument": "MODIS",
        "bright_t31": 301.5,
        "track": 1,
        "confidence": "42",
        "brightness": 319.3,
        "version": "6.03",
        "daynight": "D",
        "frp": 9.7,
        "scan": 1,
        "type": "0"
    },
    {
        "latitude": 10.9571,
        "longitude": 122.466,
        "acq_date": "2023-01-01",
        "acq_time": "0218",
        "satellite": "Terra",
        "instrument": "MODIS",
        "bright_t31": 291.1,
        "track": 1.1,
        "confidence": "51",
        "brightness": 307.7,
        "version": "6.03",
        "daynight": "D",
        "frp": 5.8,
        "scan": 1.2,
        "type": "0"
    },
    {
        "latitude": 11.1692,
        "longitude": 122.1567,
        "acq_date": "2023-01-01",
        "acq_time": "0218",
        "satellite": "Terra",
        "instrument": "MODIS",
        "bright_t31": 290.3,
        "track": 1.1,
        "confidence": "52",
        "brightness": 307.5,
        "version": "6.03",
        "daynight": "D",
        "frp": 5.4,
        "scan": 1.1,
        "type": "0"
    },
    {
        "latitude": 13.0974,
        "longitude": 120.8161,
        "acq_date": "2023-01-01",
        "acq_time": "0218",
        "satellite": "Terra",
        "instrument": "MODIS",
        "bright_t31": 296.1,
        "track": 1,
        "confidence": "64",
        "brightness": 315.6,
        "version": "6.03",
        "daynight": "D",
        "frp": 7.7,
        "scan": 1,
        "type": "0"
    },
    {
        "latitude": 9.675,
        "longitude": 123.134,
        "acq_date": "2023-01-01",
        "acq_time": "0219",
        "satellite": "Terra",
        "instrument": "MODIS",
        "bright_t31": 291.5,
        "track": 1.2,
        "confidence": "0",
        "brightness": 313.1,
        "version": "6.03",
        "daynight": "D",
        "frp": 11.5,
        "scan": 1.4,
        "type": "0"
    },
    {
        "latitude": 6.0449,
        "longitude": 121.0011,
        "acq_date": "2023-01-01",
        "acq_time": "0220",
        "satellite": "Terra",
        "instrument": "MODIS",
        "bright_t31": 297.6,
        "track": 1.1,
        "confidence": "42",
        "brightness": 315.7,
        "version": "6.03",
        "daynight": "D",
        "frp": 9.7,
        "scan": 1.1,
        "type": "2"
    },
    {
        "latitude": 14.831,
        "longitude": 120.4473,
        "acq_date": "2023-01-02",
        "acq_time": "0548",
        "satellite": "Aqua",
        "instrument": "MODIS",
        "bright_t31": 297.9,
        "track": 1.2,
        "confidence": "88",
        "brightness": 337.8,
        "version": "6.03",
        "daynight": "D",
        "frp": 56.3,
        "scan": 1.4,
        "type": "0"
    },
    {
        "latitude": 14.8294,
        "longitude": 120.4345,
        "acq_date": "2023-01-02",
        "acq_time": "0548",
        "satellite": "Aqua",
        "instrument": "MODIS",
        "bright_t31": 296.9,
        "track": 1.2,
        "confidence": "75",
        "brightness": 321.9,
        "version": "6.03",
        "daynight": "D",
        "frp": 22.6,
        "scan": 1.4,
        "type": "0"
    },
    {
        "latitude": 16.2969,
        "longitude": 120.6596,
        "acq_date": "2023-01-02",
        "acq_time": "1349",
        "satellite": "Terra",
        "instrument": "MODIS",
        "bright_t31": 289.8,
        "track": 1.1,
        "confidence": "45",
        "brightness": 301.9,
        "version": "6.03",
        "daynight": "N",
        "frp": 6.1,
        "scan": 1.2,
        "type": "0"
    },
    {
        "latitude": 18.1281,
        "longitude": 120.8394,
        "acq_date": "2023-01-04",
        "acq_time": "0535",
        "satellite": "Aqua",
        "instrument": "MODIS",
        "bright_t31": 285.3,
        "track": 1,
        "confidence": "69",
        "brightness": 317.9,
        "version": "6.03",
        "daynight": "D",
        "frp": 17.1,
        "scan": 1.1,
        "type": "0"
    },
    {
        "latitude": 10.2084,
        "longitude": 122.9165,
        "acq_date": "2023-01-06",
        "acq_time": "0228",
        "satellite": "Terra",
        "instrument": "MODIS",
        "bright_t31": 294.3,
        "track": 1.4,
        "confidence": "58",
        "brightness": 313.4,
        "version": "6.03",
        "daynight": "D",
        "frp": 15.1,
        "scan": 1.9,
        "type": "0"
    },
    {
        "latitude": 7.1307,
        "longitude": 124.6766,
        "acq_date": "2023-01-06",
        "acq_time": "0519",
        "satellite": "Aqua",
        "instrument": "MODIS",
        "bright_t31": 296.6,
        "track": 1,
        "confidence": "75",
        "brightness": 321.1,
        "version": "6.03",
        "daynight": "D",
        "frp": 10.9,
        "scan": 1,
        "type": "0"
    },
    {
        "latitude": 9.965,
        "longitude": 122.8204,
        "acq_date": "2023-01-06",
        "acq_time": "0520",
        "satellite": "Aqua",
        "instrument": "MODIS",
        "bright_t31": 295.2,
        "track": 1,
        "confidence": "32",
        "brightness": 313.9,
        "version": "6.03",
        "daynight": "D",
        "frp": 6.7,
        "scan": 1.1,
        "type": "0"
    },
    {
        "latitude": 10.2434,
        "longitude": 122.9629,
        "acq_date": "2023-01-06",
        "acq_time": "0520",
        "satellite": "Aqua",
        "instrument": "MODIS",
        "bright_t31": 301.6,
        "track": 1,
        "confidence": "95",
        "brightness": 350.1,
        "version": "6.03",
        "daynight": "D",
        "frp": 57.3,
        "scan": 1,
        "type": "0"
    },
    {
        "latitude": 10.2525,
        "longitude": 122.9615,
        "acq_date": "2023-01-06",
        "acq_time": "0520",
        "satellite": "Aqua",
        "instrument": "MODIS",
        "bright_t31": 299.5,
        "track": 1,
        "confidence": "40",
        "brightness": 316.7,
        "version": "6.03",
        "daynight": "D",
        "frp": 5.9,
        "scan": 1,
        "type": "0"
    },
    {
        "latitude": 15.1182,
        "longitude": 120.1747,
        "acq_date": "2023-01-07",
        "acq_time": "1358",
        "satellite": "Terra",
        "instrument": "MODIS",
        "bright_t31": 290.4,
        "track": 1,
        "confidence": "52",
        "brightness": 303,
        "version": "6.03",
        "daynight": "N",
        "frp": 4.8,
        "scan": 1,
        "type": "0"
    },
    {
        "latitude": 18.3247,
        "longitude": 120.7607,
        "acq_date": "2023-01-07",
        "acq_time": "1359",
        "satellite": "Terra",
        "instrument": "MODIS",
        "bright_t31": 290.6,
        "track": 1,
        "confidence": "54",
        "brightness": 303.2,
        "version": "6.03",
        "daynight": "N",
        "frp": 4.2,
        "scan": 1,
        "type": "0"
    },
    {
        "latitude": 18.3336,
        "longitude": 120.7592,
        "acq_date": "2023-01-07",
        "acq_time": "1359",
        "satellite": "Terra",
        "instrument": "MODIS",
        "bright_t31": 290.4,
        "track": 1,
        "confidence": "37",
        "brightness": 301.2,
        "version": "6.03",
        "daynight": "N",
        "frp": 2.9,
        "scan": 1,
        "type": "0"
    },
    {
        "latitude": 18.032,
        "longitude": 120.8526,
        "acq_date": "2023-01-08",
        "acq_time": "0210",
        "satellite": "Terra",
        "instrument": "MODIS",
        "bright_t31": 296,
        "track": 1.1,
        "confidence": "55",
        "brightness": 310.5,
        "version": "6.03",
        "daynight": "D",
        "frp": 8.2,
        "scan": 1.1,
        "type": "0"
    },
    {
        "latitude": 17.7543,
        "longitude": 120.8652,
        "acq_date": "2023-01-08",
        "acq_time": "0210",
        "satellite": "Terra",
        "instrument": "MODIS",
        "bright_t31": 294.4,
        "track": 1,
        "confidence": "51",
        "brightness": 308.5,
        "version": "6.03",
        "daynight": "D",
        "frp": 5.6,
        "scan": 1.1,
        "type": "0"
    },
    {
        "latitude": 17.6676,
        "longitude": 120.8254,
        "acq_date": "2023-01-08",
        "acq_time": "0210",
        "satellite": "Terra",
        "instrument": "MODIS",
        "bright_t31": 297.9,
        "track": 1.1,
        "confidence": "71",
        "brightness": 314.7,
        "version": "6.03",
        "daynight": "D",
        "frp": 9.4,
        "scan": 1.1,
        "type": "0"
    },
    {
        "latitude": 17.6542,
        "longitude": 120.8547,
        "acq_date": "2023-01-08",
        "acq_time": "0210",
        "satellite": "Terra",
        "instrument": "MODIS",
        "bright_t31": 298.9,
        "track": 1,
        "confidence": "67",
        "brightness": 312.6,
        "version": "6.03",
        "daynight": "D",
        "frp": 7.6,
        "scan": 1.1,
        "type": "0"
    },
    {
        "latitude": 17.5805,
        "longitude": 120.981,
        "acq_date": "2023-01-08",
        "acq_time": "0210",
        "satellite": "Terra",
        "instrument": "MODIS",
        "bright_t31": 292.2,
        "track": 1,
        "confidence": "59",
        "brightness": 308.3,
        "version": "6.03",
        "daynight": "D",
        "frp": 6.8,
        "scan": 1.1,
        "type": "0"
    },
    {
        "latitude": 15.0853,
        "longitude": 120.328,
        "acq_date": "2023-01-08",
        "acq_time": "0211",
        "satellite": "Terra",
        "instrument": "MODIS",
        "bright_t31": 295.5,
        "track": 1,
        "confidence": "77",
        "brightness": 320.5,
        "version": "6.03",
        "daynight": "D",
        "frp": 18.4,
        "scan": 1.1,
        "type": "0"
    },
    {
        "latitude": 15.4128,
        "longitude": 121.2095,
        "acq_date": "2023-01-08",
        "acq_time": "0211",
        "satellite": "Terra",
        "instrument": "MODIS",
        "bright_t31": 294.1,
        "track": 1,
        "confidence": "66",
        "brightness": 312.9,
        "version": "6.03",
        "daynight": "D",
        "frp": 9.2,
        "scan": 1,
        "type": "0"
    },
    {
        "latitude": 15.4114,
        "longitude": 121.219,
        "acq_date": "2023-01-08",
        "acq_time": "0211",
        "satellite": "Terra",
        "instrument": "MODIS",
        "bright_t31": 295.1,
        "track": 1,
        "confidence": "73",
        "brightness": 317.7,
        "version": "6.03",
        "daynight": "D",
        "frp": 13.7,
        "scan": 1,
        "type": "0"
    },
    {
        "latitude": 15.4167,
        "longitude": 120.1093,
        "acq_date": "2023-01-08",
        "acq_time": "0211",
        "satellite": "Terra",
        "instrument": "MODIS",
        "bright_t31": 294.4,
        "track": 1.1,
        "confidence": "57",
        "brightness": 313.2,
        "version": "6.03",
        "daynight": "D",
        "frp": 10.8,
        "scan": 1.1,
        "type": "0"
    },
    {
        "latitude": 15.4153,
        "longitude": 120.1195,
        "acq_date": "2023-01-08",
        "acq_time": "0211",
        "satellite": "Terra",
        "instrument": "MODIS",
        "bright_t31": 295.7,
        "track": 1.1,
        "confidence": "79",
        "brightness": 323.6,
        "version": "6.03",
        "daynight": "D",
        "frp": 22.9,
        "scan": 1.1,
        "type": "0"
    },
    {
        "latitude": 15.0911,
        "longitude": 120.3357,
        "acq_date": "2023-01-08",
        "acq_time": "0211",
        "satellite": "Terra",
        "instrument": "MODIS",
        "bright_t31": 295.8,
        "track": 1,
        "confidence": "84",
        "brightness": 329.2,
        "version": "6.03",
        "daynight": "D",
        "frp": 27.9,
        "scan": 1.1,
        "type": "2"
    },
    {
        "latitude": 15.0838,
        "longitude": 120.3385,
        "acq_date": "2023-01-08",
        "acq_time": "0211",
        "satellite": "Terra",
        "instrument": "MODIS",
        "bright_t31": 293.7,
        "track": 1,
        "confidence": "52",
        "brightness": 307.8,
        "version": "6.03",
        "daynight": "D",
        "frp": 6.8,
        "scan": 1.1,
        "type": "0"
    },
    {
        "latitude": 15.0916,
        "longitude": 120.2141,
        "acq_date": "2023-01-08",
        "acq_time": "0211",
        "satellite": "Terra",
        "instrument": "MODIS",
        "bright_t31": 296.6,
        "track": 1.1,
        "confidence": "72",
        "brightness": 315.6,
        "version": "6.03",
        "daynight": "D",
        "frp": 11.2,
        "scan": 1.1,
        "type": "0"
    },
    {
        "latitude": 13.3519,
        "longitude": 120.7286,
        "acq_date": "2023-01-08",
        "acq_time": "0211",
        "satellite": "Terra",
        "instrument": "MODIS",
        "bright_t31": 296.1,
        "track": 1,
        "confidence": "65",
        "brightness": 309.9,
        "version": "6.03",
        "daynight": "D",
        "frp": 5.7,
        "scan": 1,
        "type": "0"
    },
    {
        "latitude": 13.3494,
        "longitude": 120.7531,
        "acq_date": "2023-01-08",
        "acq_time": "0508",
        "satellite": "Aqua",
        "instrument": "MODIS",
        "bright_t31": 288.3,
        "track": 1.4,
        "confidence": "49",
        "brightness": 311.5,
        "version": "6.03",
        "daynight": "D",
        "frp": 24.4,
        "scan": 2.1,
        "type": "0"
    },
    {
        "latitude": 15.3514,
        "longitude": 120.1301,
        "acq_date": "2023-01-08",
        "acq_time": "0509",
        "satellite": "Aqua",
        "instrument": "MODIS",
        "bright_t31": 292.7,
        "track": 1.4,
        "confidence": "49",
        "brightness": 311.4,
        "version": "6.03",
        "daynight": "D",
        "frp": 20.4,
        "scan": 2.1,
        "type": "0"
    },
    {
        "latitude": 15.3479,
        "longitude": 120.1097,
        "acq_date": "2023-01-08",
        "acq_time": "0509",
        "satellite": "Aqua",
        "instrument": "MODIS",
        "bright_t31": 295.6,
        "track": 1.4,
        "confidence": "84",
        "brightness": 329.8,
        "version": "6.03",
        "daynight": "D",
        "frp": 73,
        "scan": 2.1,
        "type": "0"
    },
    {
        "latitude": 15.9314,
        "longitude": 120.1346,
        "acq_date": "2023-01-08",
        "acq_time": "0509",
        "satellite": "Aqua",
        "instrument": "MODIS",
        "bright_t31": 294.9,
        "track": 1.4,
        "confidence": "63",
        "brightness": 310.5,
        "version": "6.03",
        "daynight": "D",
        "frp": 15.6,
        "scan": 2,
        "type": "0"
    },
    {
        "latitude": 17.5832,
        "longitude": 120.8276,
        "acq_date": "2023-01-08",
        "acq_time": "0509",
        "satellite": "Aqua",
        "instrument": "MODIS",
        "bright_t31": 293.7,
        "track": 1.3,
        "confidence": "61",
        "brightness": 312.4,
        "version": "6.03",
        "daynight": "D",
        "frp": 12.8,
        "scan": 1.7,
        "type": "0"
    },
    {
        "latitude": 17.666,
        "longitude": 120.836,
        "acq_date": "2023-01-08",
        "acq_time": "0509",
        "satellite": "Aqua",
        "instrument": "MODIS",
        "bright_t31": 297.1,
        "track": 1.3,
        "confidence": "65",
        "brightness": 315.6,
        "version": "6.03",
        "daynight": "D",
        "frp": 16.7,
        "scan": 1.7,
        "type": "0"
    },
    {
        "latitude": 17.6631,
        "longitude": 120.8194,
        "acq_date": "2023-01-08",
        "acq_time": "0509",
        "satellite": "Aqua",
        "instrument": "MODIS",
        "bright_t31": 297.4,
        "track": 1.3,
        "confidence": "56",
        "brightness": 312.8,
        "version": "6.03",
        "daynight": "D",
        "frp": 11.9,
        "scan": 1.7,
        "type": "0"
    },
    {
        "latitude": 15.4098,
        "longitude": 120.0553,
        "acq_date": "2023-01-09",
        "acq_time": "0252",
        "satellite": "Terra",
        "instrument": "MODIS",
        "bright_t31": 296.2,
        "track": 1.6,
        "confidence": "27",
        "brightness": 310.8,
        "version": "6.03",
        "daynight": "D",
        "frp": 26.2,
        "scan": 2.9,
        "type": "0"
    },
    {
        "latitude": 15.4053,
        "longitude": 120.0795,
        "acq_date": "2023-01-09",
        "acq_time": "0252",
        "satellite": "Terra",
        "instrument": "MODIS",
        "bright_t31": 295.9,
        "track": 1.6,
        "confidence": "18",
        "brightness": 310.1,
        "version": "6.03",
        "daynight": "D",
        "frp": 27.6,
        "scan": 2.9,
        "type": "0"
    },
    {
        "latitude": 15.402,
        "longitude": 120.0749,
        "acq_date": "2023-01-09",
        "acq_time": "0252",
        "satellite": "Terra",
        "instrument": "MODIS",
        "bright_t31": 296.9,
        "track": 1.6,
        "confidence": "36",
        "brightness": 310.8,
        "version": "6.03",
        "daynight": "D",
        "frp": 30.9,
        "scan": 2.9,
        "type": "0"
    },
    {
        "latitude": 15.5629,
        "longitude": 120.263,
        "acq_date": "2023-01-09",
        "acq_time": "0551",
        "satellite": "Aqua",
        "instrument": "MODIS",
        "bright_t31": 299.4,
        "track": 1.2,
        "confidence": "46",
        "brightness": 312.4,
        "version": "6.03",
        "daynight": "D",
        "frp": 11.5,
        "scan": 1.6,
        "type": "0"
    },
    {
        "latitude": 15.4403,
        "longitude": 120.6568,
        "acq_date": "2023-01-09",
        "acq_time": "0551",
        "satellite": "Aqua",
        "instrument": "MODIS",
        "bright_t31": 300.6,
        "track": 1.3,
        "confidence": "70",
        "brightness": 318.5,
        "version": "6.03",
        "daynight": "D",
        "frp": 16.1,
        "scan": 1.7,
        "type": "0"
    },
    {
        "latitude": 18.3248,
        "longitude": 120.8294,
        "acq_date": "2023-01-09",
        "acq_time": "1343",
        "satellite": "Terra",
        "instrument": "MODIS",
        "bright_t31": 289.1,
        "track": 1.1,
        "confidence": "54",
        "brightness": 303.2,
        "version": "6.03",
        "daynight": "N",
        "frp": 7.7,
        "scan": 1.3,
        "type": "0"
    },
    {
        "latitude": 17.6961,
        "longitude": 120.5267,
        "acq_date": "2023-01-10",
        "acq_time": "0154",
        "satellite": "Terra",
        "instrument": "MODIS",
        "bright_t31": 293.8,
        "track": 1.4,
        "confidence": "51",
        "brightness": 308.9,
        "version": "6.03",
        "daynight": "D",
        "frp": 11.7,
        "scan": 2.1,
        "type": "0"
    },
    {
        "latitude": 18.1413,
        "longitude": 120.7709,
        "acq_date": "2023-01-10",
        "acq_time": "1424",
        "satellite": "Terra",
        "instrument": "MODIS",
        "bright_t31": 290.4,
        "track": 1.5,
        "confidence": "59",
        "brightness": 304.2,
        "version": "6.03",
        "daynight": "N",
        "frp": 18,
        "scan": 2.3,
        "type": "0"
    },
    {
        "latitude": 18.4874,
        "longitude": 120.8656,
        "acq_date": "2023-01-11",
        "acq_time": "0235",
        "satellite": "Terra",
        "instrument": "MODIS",
        "bright_t31": 294.5,
        "track": 1.2,
        "confidence": "65",
        "brightness": 316.1,
        "version": "6.03",
        "daynight": "D",
        "frp": 22,
        "scan": 1.5,
        "type": "0"
    },
    {
        "latitude": 15.9882,
        "longitude": 120.0596,
        "acq_date": "2023-01-11",
        "acq_time": "0236",
        "satellite": "Terra",
        "instrument": "MODIS",
        "bright_t31": 296.9,
        "track": 1.2,
        "confidence": "61",
        "brightness": 312.4,
        "version": "6.03",
        "daynight": "D",
        "frp": 10.4,
        "scan": 1.4,
        "type": "0"
    },
    {
        "latitude": 15.025,
        "longitude": 120.4839,
        "acq_date": "2023-01-11",
        "acq_time": "0236",
        "satellite": "Terra",
        "instrument": "MODIS",
        "bright_t31": 294.4,
        "track": 1.2,
        "confidence": "42",
        "brightness": 310.8,
        "version": "6.03",
        "daynight": "D",
        "frp": 10.2,
        "scan": 1.6,
        "type": "0"
    },
    {
        "latitude": 13.2725,
        "longitude": 120.8405,
        "acq_date": "2023-01-11",
        "acq_time": "0537",
        "satellite": "Aqua",
        "instrument": "MODIS",
        "bright_t31": 287.5,
        "track": 1,
        "confidence": "63",
        "brightness": 315.3,
        "version": "6.03",
        "daynight": "D",
        "frp": 13.7,
        "scan": 1,
        "type": "0"
    },
    {
        "latitude": 15.1225,
        "longitude": 120.1213,
        "acq_date": "2023-01-11",
        "acq_time": "0538",
        "satellite": "Aqua",
        "instrument": "MODIS",
        "bright_t31": 299.2,
        "track": 1,
        "confidence": "68",
        "brightness": 319.7,
        "version": "6.03",
        "daynight": "D",
        "frp": 12.4,
        "scan": 1,
        "type": "0"
    },
    {
        "latitude": 15.989,
        "longitude": 120.0607,
        "acq_date": "2023-01-11",
        "acq_time": "0538",
        "satellite": "Aqua",
        "instrument": "MODIS",
        "bright_t31": 298.1,
        "track": 1,
        "confidence": "75",
        "brightness": 321.1,
        "version": "6.03",
        "daynight": "D",
        "frp": 13.8,
        "scan": 1,
        "type": "0"
    },
    {
        "latitude": 17.6072,
        "longitude": 120.8237,
        "acq_date": "2023-01-11",
        "acq_time": "0538",
        "satellite": "Aqua",
        "instrument": "MODIS",
        "bright_t31": 299.1,
        "track": 1.1,
        "confidence": "41",
        "brightness": 312.4,
        "version": "6.03",
        "daynight": "D",
        "frp": 6.9,
        "scan": 1.1,
        "type": "0"
    },
    {
        "latitude": 17.7797,
        "longitude": 120.8447,
        "acq_date": "2023-01-11",
        "acq_time": "0538",
        "satellite": "Aqua",
        "instrument": "MODIS",
        "bright_t31": 300.6,
        "track": 1.1,
        "confidence": "50",
        "brightness": 312.7,
        "version": "6.03",
        "daynight": "D",
        "frp": 7,
        "scan": 1.1,
        "type": "0"
    },
    {
        "latitude": 16.17,
        "longitude": 120.796,
        "acq_date": "2023-01-11",
        "acq_time": "1750",
        "satellite": "Aqua",
        "instrument": "MODIS",
        "bright_t31": 290.5,
        "track": 1,
        "confidence": "40",
        "brightness": 301.4,
        "version": "6.03",
        "daynight": "N",
        "frp": 4.2,
        "scan": 1,
        "type": "0"
    },
    {
        "latitude": 15.7282,
        "longitude": 120.1816,
        "acq_date": "2023-01-12",
        "acq_time": "1408",
        "satellite": "Terra",
        "instrument": "MODIS",
        "bright_t31": 289.3,
        "track": 1,
        "confidence": "78",
        "brightness": 309.6,
        "version": "6.03",
        "daynight": "N",
        "frp": 10.6,
        "scan": 1.1,
        "type": "0"
    },
    {
        "latitude": 15.1265,
        "longitude": 120.0879,
        "acq_date": "2023-01-12",
        "acq_time": "1408",
        "satellite": "Terra",
        "instrument": "MODIS",
        "bright_t31": 282.4,
        "track": 1,
        "confidence": "71",
        "brightness": 307.2,
        "version": "6.03",
        "daynight": "N",
        "frp": 9.4,
        "scan": 1.1,
        "type": "0"
    },
    {
        "latitude": 15.1252,
        "longitude": 120.0784,
        "acq_date": "2023-01-12",
        "acq_time": "1408",
        "satellite": "Terra",
        "instrument": "MODIS",
        "bright_t31": 281.8,
        "track": 1,
        "confidence": "55",
        "brightness": 303.4,
        "version": "6.03",
        "daynight": "N",
        "frp": 7.2,
        "scan": 1.1,
        "type": "0"
    },
    {
        "latitude": 16.1268,
        "longitude": 120.8492,
        "acq_date": "2023-01-12",
        "acq_time": "1408",
        "satellite": "Terra",
        "instrument": "MODIS",
        "bright_t31": 289.8,
        "track": 1.1,
        "confidence": "76",
        "brightness": 309,
        "version": "6.03",
        "daynight": "N",
        "frp": 11.8,
        "scan": 1.2,
        "type": "0"
    },
    {
        "latitude": 17.8524,
        "longitude": 120.8748,
        "acq_date": "2023-01-13",
        "acq_time": "0219",
        "satellite": "Terra",
        "instrument": "MODIS",
        "bright_t31": 298.6,
        "track": 1,
        "confidence": "80",
        "brightness": 322.2,
        "version": "6.03",
        "daynight": "D",
        "frp": 15.8,
        "scan": 1,
        "type": "0"
    },
    {
        "latitude": 15.2772,
        "longitude": 120.5627,
        "acq_date": "2023-01-13",
        "acq_time": "0220",
        "satellite": "Terra",
        "instrument": "MODIS",
        "bright_t31": 279.2,
        "track": 1,
        "confidence": "45",
        "brightness": 304.5,
        "version": "6.03",
        "daynight": "D",
        "frp": 4,
        "scan": 1,
        "type": "0"
    },
    {
        "latitude": 15.2198,
        "longitude": 120.1303,
        "acq_date": "2023-01-13",
        "acq_time": "0220",
        "satellite": "Terra",
        "instrument": "MODIS",
        "bright_t31": 282.3,
        "track": 1,
        "confidence": "37",
        "brightness": 310.8,
        "version": "6.03",
        "daynight": "D",
        "frp": 7.3,
        "scan": 1,
        "type": "0"
    },
    {
        "latitude": 15.1858,
        "longitude": 120.1158,
        "acq_date": "2023-01-13",
        "acq_time": "0220",
        "satellite": "Terra",
        "instrument": "MODIS",
        "bright_t31": 294.2,
        "track": 1,
        "confidence": "70",
        "brightness": 320.2,
        "version": "6.03",
        "daynight": "D",
        "frp": 14.1,
        "scan": 1,
        "type": "0"
    },
    {
        "latitude": 15.1845,
        "longitude": 120.1249,
        "acq_date": "2023-01-13",
        "acq_time": "0220",
        "satellite": "Terra",
        "instrument": "MODIS",
        "bright_t31": 292.7,
        "track": 1,
        "confidence": "75",
        "brightness": 322.4,
        "version": "6.03",
        "daynight": "D",
        "frp": 16.8,
        "scan": 1,
        "type": "0"
    },
    {
        "latitude": 15.177,
        "longitude": 120.1145,
        "acq_date": "2023-01-13",
        "acq_time": "0220",
        "satellite": "Terra",
        "instrument": "MODIS",
        "bright_t31": 291,
        "track": 1,
        "confidence": "80",
        "brightness": 327.8,
        "version": "6.03",
        "daynight": "D",
        "frp": 21.7,
        "scan": 1,
        "type": "0"
    },
    {
        "latitude": 15.7288,
        "longitude": 120.1894,
        "acq_date": "2023-01-13",
        "acq_time": "0220",
        "satellite": "Terra",
        "instrument": "MODIS",
        "bright_t31": 295.4,
        "track": 1,
        "confidence": "68",
        "brightness": 318.3,
        "version": "6.03",
        "daynight": "D",
        "frp": 11.6,
        "scan": 1,
        "type": "0"
    },
    {
        "latitude": 15.1658,
        "longitude": 120.1176,
        "acq_date": "2023-01-13",
        "acq_time": "0525",
        "satellite": "Aqua",
        "instrument": "MODIS",
        "bright_t31": 287,
        "track": 1.1,
        "confidence": "66",
        "brightness": 318.9,
        "version": "6.03",
        "daynight": "D",
        "frp": 16.8,
        "scan": 1.1,
        "type": "0"
    },
    {
        "latitude": 17.1993,
        "longitude": 121.498,
        "acq_date": "2023-01-13",
        "acq_time": "0525",
        "satellite": "Aqua",
        "instrument": "MODIS",
        "bright_t31": 276.5,
        "track": 1,
        "confidence": "44",
        "brightness": 301.4,
        "version": "6.03",
        "daynight": "D",
        "frp": 3.7,
        "scan": 1,
        "type": "0"
    },
    {
        "latitude": 17.5548,
        "longitude": 120.8507,
        "acq_date": "2023-01-13",
        "acq_time": "0525",
        "satellite": "Aqua",
        "instrument": "MODIS",
        "bright_t31": 291.2,
        "track": 1,
        "confidence": "62",
        "brightness": 311.3,
        "version": "6.03",
        "daynight": "D",
        "frp": 6.5,
        "scan": 1,
        "type": "0"
    },
    {
        "latitude": 17.8444,
        "longitude": 120.8719,
        "acq_date": "2023-01-13",
        "acq_time": "0525",
        "satellite": "Aqua",
        "instrument": "MODIS",
        "bright_t31": 291.7,
        "track": 1,
        "confidence": "54",
        "brightness": 312,
        "version": "6.03",
        "daynight": "D",
        "frp": 8,
        "scan": 1,
        "type": "0"
    },
    {
        "latitude": 18.0764,
        "longitude": 120.8838,
        "acq_date": "2023-01-13",
        "acq_time": "0525",
        "satellite": "Aqua",
        "instrument": "MODIS",
        "bright_t31": 283.7,
        "track": 1,
        "confidence": "45",
        "brightness": 306.9,
        "version": "6.03",
        "daynight": "D",
        "frp": 6.4,
        "scan": 1,
        "type": "0"
    },
    {
        "latitude": 17.6719,
        "longitude": 120.5222,
        "acq_date": "2023-01-15",
        "acq_time": "0203",
        "satellite": "Terra",
        "instrument": "MODIS",
        "bright_t31": 298.4,
        "track": 1.2,
        "confidence": "33",
        "brightness": 311.7,
        "version": "6.03",
        "daynight": "D",
        "frp": 9.7,
        "scan": 1.4,
        "type": "0"
    },
    {
        "latitude": 18.476,
        "longitude": 120.8148,
        "acq_date": "2023-01-15",
        "acq_time": "0512",
        "satellite": "Aqua",
        "instrument": "MODIS",
        "bright_t31": 297.7,
        "track": 1.2,
        "confidence": "25",
        "brightness": 310.1,
        "version": "6.03",
        "daynight": "D",
        "frp": 10.3,
        "scan": 1.5,
        "type": "0"
    },
    {
        "latitude": 18.3471,
        "longitude": 120.8605,
        "acq_date": "2023-01-15",
        "acq_time": "0512",
        "satellite": "Aqua",
        "instrument": "MODIS",
        "bright_t31": 293.8,
        "track": 1.2,
        "confidence": "91",
        "brightness": 342.3,
        "version": "6.03",
        "daynight": "D",
        "frp": 78.6,
        "scan": 1.5,
        "type": "0"
    },
    {
        "latitude": 15.8662,
        "longitude": 120.1606,
        "acq_date": "2023-01-16",
        "acq_time": "0554",
        "satellite": "Aqua",
        "instrument": "MODIS",
        "bright_t31": 293.6,
        "track": 1.3,
        "confidence": "76",
        "brightness": 322.4,
        "version": "6.03",
        "daynight": "D",
        "frp": 29,
        "scan": 1.7,
        "type": "0"
    },
    {
        "latitude": 15.8779,
        "longitude": 120.1597,
        "acq_date": "2023-01-16",
        "acq_time": "0554",
        "satellite": "Aqua",
        "instrument": "MODIS",
        "bright_t31": 293.4,
        "track": 1.3,
        "confidence": "38",
        "brightness": 318.6,
        "version": "6.03",
        "daynight": "D",
        "frp": 18.7,
        "scan": 1.7,
        "type": "0"
    },
    {
        "latitude": 15.8737,
        "longitude": 120.154,
        "acq_date": "2023-01-16",
        "acq_time": "0554",
        "satellite": "Aqua",
        "instrument": "MODIS",
        "bright_t31": 293.6,
        "track": 1.3,
        "confidence": "50",
        "brightness": 324.9,
        "version": "6.03",
        "daynight": "D",
        "frp": 31.5,
        "scan": 1.7,
        "type": "0"
    },
    {
        "latitude": 17.7817,
        "longitude": 120.5713,
        "acq_date": "2023-01-16",
        "acq_time": "0555",
        "satellite": "Aqua",
        "instrument": "MODIS",
        "bright_t31": 294.1,
        "track": 1.4,
        "confidence": "65",
        "brightness": 316,
        "version": "6.03",
        "daynight": "D",
        "frp": 28,
        "scan": 2,
        "type": "0"
    },
    {
        "latitude": 18.2859,
        "longitude": 120.8313,
        "acq_date": "2023-01-16",
        "acq_time": "1337",
        "satellite": "Terra",
        "instrument": "MODIS",
        "bright_t31": 291.8,
        "track": 1.3,
        "confidence": "58",
        "brightness": 304.1,
        "version": "6.03",
        "daynight": "N",
        "frp": 10.9,
        "scan": 1.7,
        "type": "0"
    },
    {
        "latitude": 18.2919,
        "longitude": 120.8421,
        "acq_date": "2023-01-16",
        "acq_time": "1806",
        "satellite": "Aqua",
        "instrument": "MODIS",
        "bright_t31": 290.2,
        "track": 1.2,
        "confidence": "31",
        "brightness": 300.7,
        "version": "6.03",
        "daynight": "N",
        "frp": 5.3,
        "scan": 1.4,
        "type": "0"
    },
    {
        "latitude": 15.8826,
        "longitude": 120.1312,
        "acq_date": "2023-01-16",
        "acq_time": "1807",
        "satellite": "Aqua",
        "instrument": "MODIS",
        "bright_t31": 276.7,
        "track": 1.1,
        "confidence": "51",
        "brightness": 310.7,
        "version": "6.03",
        "daynight": "N",
        "frp": 16.6,
        "scan": 1.3,
        "type": "0"
    },
    {
        "latitude": 15.8806,
        "longitude": 120.1434,
        "acq_date": "2023-01-16",
        "acq_time": "1807",
        "satellite": "Aqua",
        "instrument": "MODIS",
        "bright_t31": 273.9,
        "track": 1.2,
        "confidence": "100",
        "brightness": 322.2,
        "version": "6.03",
        "daynight": "N",
        "frp": 31.7,
        "scan": 1.3,
        "type": "0"
    },
    {
        "latitude": 15.8705,
        "longitude": 120.1411,
        "acq_date": "2023-01-16",
        "acq_time": "1807",
        "satellite": "Aqua",
        "instrument": "MODIS",
        "bright_t31": 276.8,
        "track": 1.2,
        "confidence": "91",
        "brightness": 315.5,
        "version": "6.03",
        "daynight": "N",
        "frp": 22.5,
        "scan": 1.3,
        "type": "0"
    },
    {
        "latitude": 15.8741,
        "longitude": 120.1353,
        "acq_date": "2023-01-16",
        "acq_time": "1807",
        "satellite": "Aqua",
        "instrument": "MODIS",
        "bright_t31": 277.1,
        "track": 1.2,
        "confidence": "97",
        "brightness": 318.3,
        "version": "6.03",
        "daynight": "N",
        "frp": 25.9,
        "scan": 1.3,
        "type": "0"
    },
    {
        "latitude": 15.8722,
        "longitude": 120.1476,
        "acq_date": "2023-01-16",
        "acq_time": "1807",
        "satellite": "Aqua",
        "instrument": "MODIS",
        "bright_t31": 275.9,
        "track": 1.2,
        "confidence": "31",
        "brightness": 304.8,
        "version": "6.03",
        "daynight": "N",
        "frp": 10.2,
        "scan": 1.4,
        "type": "0"
    },
    {
        "latitude": 15.8619,
        "longitude": 120.1459,
        "acq_date": "2023-01-16",
        "acq_time": "1807",
        "satellite": "Aqua",
        "instrument": "MODIS",
        "bright_t31": 278.6,
        "track": 1.2,
        "confidence": "55",
        "brightness": 310.9,
        "version": "6.03",
        "daynight": "N",
        "frp": 16.5,
        "scan": 1.4,
        "type": "0"
    },
    {
        "latitude": 18.3057,
        "longitude": 120.8334,
        "acq_date": "2023-01-18",
        "acq_time": "0228",
        "satellite": "Terra",
        "instrument": "MODIS",
        "bright_t31": 287.9,
        "track": 1.1,
        "confidence": "42",
        "brightness": 312.2,
        "version": "6.03",
        "daynight": "D",
        "frp": 11,
        "scan": 1.2,
        "type": "0"
    },
    {
        "latitude": 15.3663,
        "longitude": 120.032,
        "acq_date": "2023-01-18",
        "acq_time": "0229",
        "satellite": "Terra",
        "instrument": "MODIS",
        "bright_t31": 296,
        "track": 1.1,
        "confidence": "70",
        "brightness": 321.7,
        "version": "6.03",
        "daynight": "D",
        "frp": 16.7,
        "scan": 1.2,
        "type": "0"
    },
    {
        "latitude": 15.3648,
        "longitude": 120.0418,
        "acq_date": "2023-01-18",
        "acq_time": "0229",
        "satellite": "Terra",
        "instrument": "MODIS",
        "bright_t31": 294.1,
        "track": 1.1,
        "confidence": "40",
        "brightness": 314.7,
        "version": "6.03",
        "daynight": "D",
        "frp": 9.1,
        "scan": 1.2,
        "type": "0"
    },
    {
        "latitude": 17.6721,
        "longitude": 120.8492,
        "acq_date": "2023-01-18",
        "acq_time": "0541",
        "satellite": "Aqua",
        "instrument": "MODIS",
        "bright_t31": 296.2,
        "track": 1.1,
        "confidence": "75",
        "brightness": 322.4,
        "version": "6.03",
        "daynight": "D",
        "frp": 17.9,
        "scan": 1.2,
        "type": "0"
    },
    {
        "latitude": 18.1272,
        "longitude": 120.9071,
        "acq_date": "2023-01-18",
        "acq_time": "0541",
        "satellite": "Aqua",
        "instrument": "MODIS",
        "bright_t31": 293.8,
        "track": 1.1,
        "confidence": "30",
        "brightness": 311.3,
        "version": "6.03",
        "daynight": "D",
        "frp": 10.4,
        "scan": 1.3,
        "type": "0"
    },
    {
        "latitude": 18.3395,
        "longitude": 120.8176,
        "acq_date": "2023-01-18",
        "acq_time": "0541",
        "satellite": "Aqua",
        "instrument": "MODIS",
        "bright_t31": 293.7,
        "track": 1.1,
        "confidence": "71",
        "brightness": 319.6,
        "version": "6.03",
        "daynight": "D",
        "frp": 19.2,
        "scan": 1.2,
        "type": "0"
    },
    {
        "latitude": 15.2174,
        "longitude": 121.0799,
        "acq_date": "2023-01-19",
        "acq_time": "1401",
        "satellite": "Terra",
        "instrument": "MODIS",
        "bright_t31": 290.8,
        "track": 1,
        "confidence": "95",
        "brightness": 317.2,
        "version": "6.03",
        "daynight": "N",
        "frp": 14.7,
        "scan": 1,
        "type": "0"
    },
    {
        "latitude": 15.2161,
        "longitude": 121.0705,
        "acq_date": "2023-01-19",
        "acq_time": "1401",
        "satellite": "Terra",
        "instrument": "MODIS",
        "bright_t31": 290.6,
        "track": 1,
        "confidence": "84",
        "brightness": 312.2,
        "version": "6.03",
        "daynight": "N",
        "frp": 10.4,
        "scan": 1,
        "type": "0"
    },
    {
        "latitude": 15.4277,
        "longitude": 120.2121,
        "acq_date": "2023-01-19",
        "acq_time": "1401",
        "satellite": "Terra",
        "instrument": "MODIS",
        "bright_t31": 288.6,
        "track": 1,
        "confidence": "75",
        "brightness": 308.5,
        "version": "6.03",
        "daynight": "N",
        "frp": 9,
        "scan": 1,
        "type": "0"
    },
    {
        "latitude": 17.6061,
        "longitude": 120.5816,
        "acq_date": "2023-01-19",
        "acq_time": "1402",
        "satellite": "Terra",
        "instrument": "MODIS",
        "bright_t31": 292.6,
        "track": 1,
        "confidence": "84",
        "brightness": 312.2,
        "version": "6.03",
        "daynight": "N",
        "frp": 9.8,
        "scan": 1,
        "type": "0"
    },
    {
        "latitude": 17.8423,
        "longitude": 120.7204,
        "acq_date": "2023-01-20",
        "acq_time": "0213",
        "satellite": "Terra",
        "instrument": "MODIS",
        "bright_t31": 293.8,
        "track": 1,
        "confidence": "48",
        "brightness": 311.6,
        "version": "6.03",
        "daynight": "D",
        "frp": 7.9,
        "scan": 1.1,
        "type": "0"
    },
    {
        "latitude": 17.791,
        "longitude": 120.8253,
        "acq_date": "2023-01-20",
        "acq_time": "0213",
        "satellite": "Terra",
        "instrument": "MODIS",
        "bright_t31": 293.9,
        "track": 1,
        "confidence": "41",
        "brightness": 309.7,
        "version": "6.03",
        "daynight": "D",
        "frp": 5.4,
        "scan": 1,
        "type": "0"
    },
    {
        "latitude": 17.7001,
        "longitude": 120.9498,
        "acq_date": "2023-01-20",
        "acq_time": "0213",
        "satellite": "Terra",
        "instrument": "MODIS",
        "bright_t31": 291.4,
        "track": 1,
        "confidence": "38",
        "brightness": 307.4,
        "version": "6.03",
        "daynight": "D",
        "frp": 6,
        "scan": 1,
        "type": "0"
    },
    {
        "latitude": 17.6988,
        "longitude": 120.9592,
        "acq_date": "2023-01-20",
        "acq_time": "0213",
        "satellite": "Terra",
        "instrument": "MODIS",
        "bright_t31": 292.2,
        "track": 1,
        "confidence": "83",
        "brightness": 327.2,
        "version": "6.03",
        "daynight": "D",
        "frp": 24.7,
        "scan": 1,
        "type": "0"
    },
    {
        "latitude": 16.274,
        "longitude": 120.7346,
        "acq_date": "2023-01-20",
        "acq_time": "0213",
        "satellite": "Terra",
        "instrument": "MODIS",
        "bright_t31": 302.4,
        "track": 1,
        "confidence": "61",
        "brightness": 317.6,
        "version": "6.03",
        "daynight": "D",
        "frp": 10.4,
        "scan": 1,
        "type": "0"
    },
    {
        "latitude": 15.4351,
        "longitude": 120.2106,
        "acq_date": "2023-01-20",
        "acq_time": "0213",
        "satellite": "Terra",
        "instrument": "MODIS",
        "bright_t31": 290.2,
        "track": 1,
        "confidence": "79",
        "brightness": 325.7,
        "version": "6.03",
        "daynight": "D",
        "frp": 22.7,
        "scan": 1.1,
        "type": "0"
    },
    {
        "latitude": 15.4338,
        "longitude": 120.2199,
        "acq_date": "2023-01-20",
        "acq_time": "0213",
        "satellite": "Terra",
        "instrument": "MODIS",
        "bright_t31": 291.5,
        "track": 1,
        "confidence": "74",
        "brightness": 314.6,
        "version": "6.03",
        "daynight": "D",
        "frp": 11,
        "scan": 1.1,
        "type": "0"
    },
    {
        "latitude": 15.3369,
        "longitude": 120.121,
        "acq_date": "2023-01-20",
        "acq_time": "0213",
        "satellite": "Terra",
        "instrument": "MODIS",
        "bright_t31": 295.8,
        "track": 1,
        "confidence": "87",
        "brightness": 330.5,
        "version": "6.03",
        "daynight": "D",
        "frp": 26,
        "scan": 1.1,
        "type": "0"
    },
    {
        "latitude": 15.1694,
        "longitude": 120.1333,
        "acq_date": "2023-01-20",
        "acq_time": "0213",
        "satellite": "Terra",
        "instrument": "MODIS",
        "bright_t31": 292.9,
        "track": 1,
        "confidence": "83",
        "brightness": 325.1,
        "version": "6.03",
        "daynight": "D",
        "frp": 21.9,
        "scan": 1.1,
        "type": "0"
    },
    {
        "latitude": 15.168,
        "longitude": 120.1432,
        "acq_date": "2023-01-20",
        "acq_time": "0213",
        "satellite": "Terra",
        "instrument": "MODIS",
        "bright_t31": 289.6,
        "track": 1,
        "confidence": "67",
        "brightness": 311,
        "version": "6.03",
        "daynight": "D",
        "frp": 8.6,
        "scan": 1.1,
        "type": "0"
    },
    {
        "latitude": 6.5264,
        "longitude": 124.54,
        "acq_date": "2023-01-20",
        "acq_time": "0525",
        "satellite": "Aqua",
        "instrument": "MODIS",
        "bright_t31": 277,
        "track": 1,
        "confidence": "18",
        "brightness": 305.5,
        "version": "6.03",
        "daynight": "D",
        "frp": 4.5,
        "scan": 1,
        "type": "0"
    },
    {
        "latitude": 10.2291,
        "longitude": 123.0016,
        "acq_date": "2023-01-20",
        "acq_time": "0526",
        "satellite": "Aqua",
        "instrument": "MODIS",
        "bright_t31": 287.9,
        "track": 1,
        "confidence": "51",
        "brightness": 312.4,
        "version": "6.03",
        "daynight": "D",
        "frp": 6.2,
        "scan": 1,
        "type": "0"
    },
    {
        "latitude": 10.3884,
        "longitude": 122.8919,
        "acq_date": "2023-01-20",
        "acq_time": "0526",
        "satellite": "Aqua",
        "instrument": "MODIS",
        "bright_t31": 282.5,
        "track": 1,
        "confidence": "32",
        "brightness": 309.5,
        "version": "6.03",
        "daynight": "D",
        "frp": 4.8,
        "scan": 1,
        "type": "0"
    },
    {
        "latitude": 15.3883,
        "longitude": 120.0473,
        "acq_date": "2023-01-20",
        "acq_time": "0527",
        "satellite": "Aqua",
        "instrument": "MODIS",
        "bright_t31": 278.4,
        "track": 1,
        "confidence": "85",
        "brightness": 327.1,
        "version": "6.03",
        "daynight": "D",
        "frp": 25,
        "scan": 1.1,
        "type": "0"
    },
    {
        "latitude": 15.7942,
        "longitude": 119.9891,
        "acq_date": "2023-01-20",
        "acq_time": "0528",
        "satellite": "Aqua",
        "instrument": "MODIS",
        "bright_t31": 286.4,
        "track": 1,
        "confidence": "27",
        "brightness": 315.2,
        "version": "6.03",
        "daynight": "D",
        "frp": 10.3,
        "scan": 1.1,
        "type": "0"
    },
    {
        "latitude": 16.887,
        "longitude": 120.6921,
        "acq_date": "2023-01-20",
        "acq_time": "0528",
        "satellite": "Aqua",
        "instrument": "MODIS",
        "bright_t31": 295.8,
        "track": 1,
        "confidence": "71",
        "brightness": 315.4,
        "version": "6.03",
        "daynight": "D",
        "frp": 11.2,
        "scan": 1,
        "type": "0"
    },
    {
        "latitude": 16.8856,
        "longitude": 120.6831,
        "acq_date": "2023-01-20",
        "acq_time": "0528",
        "satellite": "Aqua",
        "instrument": "MODIS",
        "bright_t31": 292.2,
        "track": 1,
        "confidence": "41",
        "brightness": 307.6,
        "version": "6.03",
        "daynight": "D",
        "frp": 5.4,
        "scan": 1,
        "type": "0"
    },
    {
        "latitude": 17.9014,
        "longitude": 120.8231,
        "acq_date": "2023-01-20",
        "acq_time": "0528",
        "satellite": "Aqua",
        "instrument": "MODIS",
        "bright_t31": 297.3,
        "track": 1,
        "confidence": "44",
        "brightness": 313.5,
        "version": "6.03",
        "daynight": "D",
        "frp": 7.9,
        "scan": 1,
        "type": "0"
    },
    {
        "latitude": 17.5744,
        "longitude": 120.9855,
        "acq_date": "2023-01-21",
        "acq_time": "1346",
        "satellite": "Terra",
        "instrument": "MODIS",
        "bright_t31": 289.4,
        "track": 1.1,
        "confidence": "42",
        "brightness": 301.6,
        "version": "6.03",
        "daynight": "N",
        "frp": 6.4,
        "scan": 1.2,
        "type": "0"
    },
    {
        "latitude": 17.994,
        "longitude": 120.8649,
        "acq_date": "2023-01-21",
        "acq_time": "1346",
        "satellite": "Terra",
        "instrument": "MODIS",
        "bright_t31": 291.3,
        "track": 1.1,
        "confidence": "55",
        "brightness": 303.4,
        "version": "6.03",
        "daynight": "N",
        "frp": 6.1,
        "scan": 1.2,
        "type": "0"
    },
    {
        "latitude": 17.5687,
        "longitude": 120.9814,
        "acq_date": "2023-01-22",
        "acq_time": "0515",
        "satellite": "Aqua",
        "instrument": "MODIS",
        "bright_t31": 286.7,
        "track": 1.1,
        "confidence": "49",
        "brightness": 306.2,
        "version": "6.03",
        "daynight": "D",
        "frp": 7.4,
        "scan": 1.3,
        "type": "0"
    },
    {
        "latitude": 17.5668,
        "longitude": 120.9698,
        "acq_date": "2023-01-22",
        "acq_time": "0515",
        "satellite": "Aqua",
        "instrument": "MODIS",
        "bright_t31": 287.8,
        "track": 1.1,
        "confidence": "36",
        "brightness": 305.9,
        "version": "6.03",
        "daynight": "D",
        "frp": 7.3,
        "scan": 1.3,
        "type": "0"
    },
    {
        "latitude": 16.2415,
        "longitude": 120.8099,
        "acq_date": "2023-01-23",
        "acq_time": "0238",
        "satellite": "Terra",
        "instrument": "MODIS",
        "bright_t31": 299.6,
        "track": 1.3,
        "confidence": "60",
        "brightness": 310.9,
        "version": "6.03",
        "daynight": "D",
        "frp": 12,
        "scan": 1.8,
        "type": "0"
    },
    {
        "latitude": 16.2451,
        "longitude": 120.8037,
        "acq_date": "2023-01-23",
        "acq_time": "0238",
        "satellite": "Terra",
        "instrument": "MODIS",
        "bright_t31": 300.2,
        "track": 1.3,
        "confidence": "70",
        "brightness": 313.8,
        "version": "6.03",
        "daynight": "D",
        "frp": 16.2,
        "scan": 1.8,
        "type": "0"
    },
    {
        "latitude": 15.8141,
        "longitude": 120.6174,
        "acq_date": "2023-01-23",
        "acq_time": "0238",
        "satellite": "Terra",
        "instrument": "MODIS",
        "bright_t31": 299.8,
        "track": 1.3,
        "confidence": "72",
        "brightness": 319,
        "version": "6.03",
        "daynight": "D",
        "frp": 21.8,
        "scan": 1.8,
        "type": "0"
    },
    {
        "latitude": 15.3185,
        "longitude": 120.7493,
        "acq_date": "2023-01-23",
        "acq_time": "0238",
        "satellite": "Terra",
        "instrument": "MODIS",
        "bright_t31": 297.5,
        "track": 1.3,
        "confidence": "37",
        "brightness": 310.9,
        "version": "6.03",
        "daynight": "D",
        "frp": 9.9,
        "scan": 1.8,
        "type": "0"
    },
    {
        "latitude": 14.832,
        "longitude": 120.1317,
        "acq_date": "2023-01-23",
        "acq_time": "0239",
        "satellite": "Terra",
        "instrument": "MODIS",
        "bright_t31": 298.9,
        "track": 1.3,
        "confidence": "60",
        "brightness": 321.2,
        "version": "6.03",
        "daynight": "D",
        "frp": 30.9,
        "scan": 1.7,
        "type": "0"
    },
    {
        "latitude": 11.786,
        "longitude": 120.0119,
        "acq_date": "2023-01-23",
        "acq_time": "0556",
        "satellite": "Aqua",
        "instrument": "MODIS",
        "bright_t31": 296.4,
        "track": 1.3,
        "confidence": "59",
        "brightness": 324.5,
        "version": "6.03",
        "daynight": "D",
        "frp": 32.6,
        "scan": 1.6,
        "type": "0"
    },
    {
        "latitude": 12.6698,
        "longitude": 121.1333,
        "acq_date": "2023-01-23",
        "acq_time": "0556",
        "satellite": "Aqua",
        "instrument": "MODIS",
        "bright_t31": 295.1,
        "track": 1.4,
        "confidence": "69",
        "brightness": 320.3,
        "version": "6.03",
        "daynight": "D",
        "frp": 36,
        "scan": 2.1,
        "type": "0"
    },
    {
        "latitude": 14.7363,
        "longitude": 120.8667,
        "acq_date": "2023-01-23",
        "acq_time": "0556",
        "satellite": "Aqua",
        "instrument": "MODIS",
        "bright_t31": 300,
        "track": 1.4,
        "confidence": "56",
        "brightness": 312.8,
        "version": "6.03",
        "daynight": "D",
        "frp": 22.8,
        "scan": 2.1,
        "type": "3"
    },
    {
        "latitude": 11.7879,
        "longitude": 120.0266,
        "acq_date": "2023-01-23",
        "acq_time": "0556",
        "satellite": "Aqua",
        "instrument": "MODIS",
        "bright_t31": 295.4,
        "track": 1.3,
        "confidence": "31",
        "brightness": 314.4,
        "version": "6.03",
        "daynight": "D",
        "frp": 12.6,
        "scan": 1.6,
        "type": "0"
    },
    {
        "latitude": 16.2382,
        "longitude": 120.7974,
        "acq_date": "2023-01-23",
        "acq_time": "0557",
        "satellite": "Aqua",
        "instrument": "MODIS",
        "bright_t31": 303.7,
        "track": 1.4,
        "confidence": "42",
        "brightness": 319.8,
        "version": "6.03",
        "daynight": "D",
        "frp": 26.8,
        "scan": 2.2,
        "type": "0"
    },
    {
        "latitude": 15.2707,
        "longitude": 120.2095,
        "acq_date": "2023-01-23",
        "acq_time": "0557",
        "satellite": "Aqua",
        "instrument": "MODIS",
        "bright_t31": 302.7,
        "track": 1.4,
        "confidence": "45",
        "brightness": 321.7,
        "version": "6.03",
        "daynight": "D",
        "frp": 24,
        "scan": 1.9,
        "type": "0"
    },
    {
        "latitude": 16.2534,
        "longitude": 120.8077,
        "acq_date": "2023-01-24",
        "acq_time": "0501",
        "satellite": "Aqua",
        "instrument": "MODIS",
        "bright_t31": 298.6,
        "track": 1.5,
        "confidence": "74",
        "brightness": 315.6,
        "version": "6.03",
        "daynight": "D",
        "frp": 39.3,
        "scan": 2.5,
        "type": "0"
    },
    {
        "latitude": 15.6942,
        "longitude": 120.1994,
        "acq_date": "2023-01-24",
        "acq_time": "0501",
        "satellite": "Aqua",
        "instrument": "MODIS",
        "bright_t31": 293.3,
        "track": 1.6,
        "confidence": "43",
        "brightness": 309,
        "version": "6.03",
        "daynight": "D",
        "frp": 25.9,
        "scan": 2.9,
        "type": "0"
    },
    {
        "latitude": 15.2757,
        "longitude": 120.1614,
        "acq_date": "2023-01-24",
        "acq_time": "1410",
        "satellite": "Terra",
        "instrument": "MODIS",
        "bright_t31": 291.5,
        "track": 1.1,
        "confidence": "19",
        "brightness": 301.6,
        "version": "6.03",
        "daynight": "N",
        "frp": 4.4,
        "scan": 1.1,
        "type": "0"
    },
    {
        "latitude": 14.0912,
        "longitude": 120.7174,
        "acq_date": "2023-01-24",
        "acq_time": "1410",
        "satellite": "Terra",
        "instrument": "MODIS",
        "bright_t31": 292.3,
        "track": 1.1,
        "confidence": "66",
        "brightness": 306,
        "version": "6.03",
        "daynight": "N",
        "frp": 7.2,
        "scan": 1.2,
        "type": "0"
    },
    {
        "latitude": 14.9745,
        "longitude": 120.6774,
        "acq_date": "2023-01-24",
        "acq_time": "1410",
        "satellite": "Terra",
        "instrument": "MODIS",
        "bright_t31": 287.9,
        "track": 1.1,
        "confidence": "51",
        "brightness": 302.8,
        "version": "6.03",
        "daynight": "N",
        "frp": 5.5,
        "scan": 1.2,
        "type": "2"
    },
    {
        "latitude": 16.8228,
        "longitude": 120.707,
        "acq_date": "2023-01-24",
        "acq_time": "1411",
        "satellite": "Terra",
        "instrument": "MODIS",
        "bright_t31": 286,
        "track": 1.1,
        "confidence": "19",
        "brightness": 300.2,
        "version": "6.03",
        "daynight": "N",
        "frp": 7.9,
        "scan": 1.3,
        "type": "0"
    },
    {
        "latitude": 16.2626,
        "longitude": 120.7949,
        "acq_date": "2023-01-24",
        "acq_time": "1411",
        "satellite": "Terra",
        "instrument": "MODIS",
        "bright_t31": 288.7,
        "track": 1.1,
        "confidence": "5",
        "brightness": 300.3,
        "version": "6.03",
        "daynight": "N",
        "frp": 5.1,
        "scan": 1.3,
        "type": "0"
    },
    {
        "latitude": 17.343,
        "longitude": 120.9298,
        "acq_date": "2023-01-25",
        "acq_time": "0222",
        "satellite": "Terra",
        "instrument": "MODIS",
        "bright_t31": 288.5,
        "track": 1,
        "confidence": "74",
        "brightness": 314.3,
        "version": "6.03",
        "daynight": "D",
        "frp": 14.7,
        "scan": 1,
        "type": "0"
    },
    {
        "latitude": 17.3415,
        "longitude": 120.9393,
        "acq_date": "2023-01-25",
        "acq_time": "0222",
        "satellite": "Terra",
        "instrument": "MODIS",
        "bright_t31": 285.9,
        "track": 1,
        "confidence": "73",
        "brightness": 312.8,
        "version": "6.03",
        "daynight": "D",
        "frp": 14.3,
        "scan": 1,
        "type": "0"
    },
    {
        "latitude": 16.8216,
        "longitude": 120.7117,
        "acq_date": "2023-01-25",
        "acq_time": "0222",
        "satellite": "Terra",
        "instrument": "MODIS",
        "bright_t31": 293.1,
        "track": 1,
        "confidence": "70",
        "brightness": 310.7,
        "version": "6.03",
        "daynight": "D",
        "frp": 9,
        "scan": 1,
        "type": "0"
    },
    {
        "latitude": 16.8202,
        "longitude": 120.7211,
        "acq_date": "2023-01-25",
        "acq_time": "0222",
        "satellite": "Terra",
        "instrument": "MODIS",
        "bright_t31": 291.6,
        "track": 1,
        "confidence": "38",
        "brightness": 302.4,
        "version": "6.03",
        "daynight": "D",
        "frp": 3.4,
        "scan": 1,
        "type": "0"
    },
    {
        "latitude": 16.3444,
        "longitude": 120.6922,
        "acq_date": "2023-01-25",
        "acq_time": "0222",
        "satellite": "Terra",
        "instrument": "MODIS",
        "bright_t31": 294.9,
        "track": 1,
        "confidence": "50",
        "brightness": 307.6,
        "version": "6.03",
        "daynight": "D",
        "frp": 5.5,
        "scan": 1,
        "type": "0"
    },
    {
        "latitude": 16.2564,
        "longitude": 120.6628,
        "acq_date": "2023-01-25",
        "acq_time": "0222",
        "satellite": "Terra",
        "instrument": "MODIS",
        "bright_t31": 298.5,
        "track": 1,
        "confidence": "61",
        "brightness": 309.3,
        "version": "6.03",
        "daynight": "D",
        "frp": 6.3,
        "scan": 1,
        "type": "0"
    },
    {
        "latitude": 15.5583,
        "longitude": 121.0629,
        "acq_date": "2023-01-25",
        "acq_time": "0222",
        "satellite": "Terra",
        "instrument": "MODIS",
        "bright_t31": 294.6,
        "track": 1,
        "confidence": "58",
        "brightness": 310.4,
        "version": "6.03",
        "daynight": "D",
        "frp": 6.3,
        "scan": 1.1,
        "type": "0"
    },
    {
        "latitude": 15.5199,
        "longitude": 120.1547,
        "acq_date": "2023-01-25",
        "acq_time": "0222",
        "satellite": "Terra",
        "instrument": "MODIS",
        "bright_t31": 293.9,
        "track": 1,
        "confidence": "77",
        "brightness": 321.3,
        "version": "6.03",
        "daynight": "D",
        "frp": 17.5,
        "scan": 1,
        "type": "0"
    },
    {
        "latitude": 14.5103,
        "longitude": 121.3317,
        "acq_date": "2023-01-25",
        "acq_time": "0223",
        "satellite": "Terra",
        "instrument": "MODIS",
        "bright_t31": 296.2,
        "track": 1.1,
        "confidence": "53",
        "brightness": 310.9,
        "version": "6.03",
        "daynight": "D",
        "frp": 8.7,
        "scan": 1.1,
        "type": "0"
    },
    {
        "latitude": 15.3736,
        "longitude": 120.0884,
        "acq_date": "2023-01-25",
        "acq_time": "0223",
        "satellite": "Terra",
        "instrument": "MODIS",
        "bright_t31": 298.3,
        "track": 1,
        "confidence": "62",
        "brightness": 317.8,
        "version": "6.03",
        "daynight": "D",
        "frp": 10.8,
        "scan": 1,
        "type": "0"
    },
    {
        "latitude": 15.3275,
        "longitude": 120.0842,
        "acq_date": "2023-01-25",
        "acq_time": "0223",
        "satellite": "Terra",
        "instrument": "MODIS",
        "bright_t31": 300.5,
        "track": 1,
        "confidence": "52",
        "brightness": 312.7,
        "version": "6.03",
        "daynight": "D",
        "frp": 4.5,
        "scan": 1,
        "type": "0"
    },
    {
        "latitude": 15.3261,
        "longitude": 120.0934,
        "acq_date": "2023-01-25",
        "acq_time": "0223",
        "satellite": "Terra",
        "instrument": "MODIS",
        "bright_t31": 301.9,
        "track": 1,
        "confidence": "67",
        "brightness": 314.2,
        "version": "6.03",
        "daynight": "D",
        "frp": 6.1,
        "scan": 1,
        "type": "0"
    },
    {
        "latitude": 15.0508,
        "longitude": 120.2034,
        "acq_date": "2023-01-25",
        "acq_time": "0223",
        "satellite": "Terra",
        "instrument": "MODIS",
        "bright_t31": 295.6,
        "track": 1,
        "confidence": "59",
        "brightness": 311,
        "version": "6.03",
        "daynight": "D",
        "frp": 6.4,
        "scan": 1,
        "type": "0"
    },
    {
        "latitude": 15.053,
        "longitude": 120.128,
        "acq_date": "2023-01-25",
        "acq_time": "0223",
        "satellite": "Terra",
        "instrument": "MODIS",
        "bright_t31": 303.4,
        "track": 1,
        "confidence": "79",
        "brightness": 322.4,
        "version": "6.03",
        "daynight": "D",
        "frp": 14.3,
        "scan": 1,
        "type": "0"
    },
    {
        "latitude": 14.8618,
        "longitude": 120.1716,
        "acq_date": "2023-01-25",
        "acq_time": "0223",
        "satellite": "Terra",
        "instrument": "MODIS",
        "bright_t31": 298,
        "track": 1,
        "confidence": "53",
        "brightness": 311.8,
        "version": "6.03",
        "daynight": "D",
        "frp": 5.5,
        "scan": 1,
        "type": "0"
    },
    {
        "latitude": 14.8604,
        "longitude": 120.1809,
        "acq_date": "2023-01-25",
        "acq_time": "0223",
        "satellite": "Terra",
        "instrument": "MODIS",
        "bright_t31": 297.5,
        "track": 1,
        "confidence": "55",
        "brightness": 311.1,
        "version": "6.03",
        "daynight": "D",
        "frp": 5.4,
        "scan": 1,
        "type": "0"
    },
    {
        "latitude": 14.8052,
        "longitude": 120.3641,
        "acq_date": "2023-01-25",
        "acq_time": "0223",
        "satellite": "Terra",
        "instrument": "MODIS",
        "bright_t31": 296.3,
        "track": 1,
        "confidence": "38",
        "brightness": 309.1,
        "version": "6.03",
        "daynight": "D",
        "frp": 5.2,
        "scan": 1,
        "type": "0"
    },
    {
        "latitude": 14.8246,
        "longitude": 120.175,
        "acq_date": "2023-01-25",
        "acq_time": "0223",
        "satellite": "Terra",
        "instrument": "MODIS",
        "bright_t31": 298.9,
        "track": 1,
        "confidence": "74",
        "brightness": 317.8,
        "version": "6.03",
        "daynight": "D",
        "frp": 10.6,
        "scan": 1,
        "type": "0"
    },
    {
        "latitude": 14.2903,
        "longitude": 120.7736,
        "acq_date": "2023-01-25",
        "acq_time": "0223",
        "satellite": "Terra",
        "instrument": "MODIS",
        "bright_t31": 297.4,
        "track": 1,
        "confidence": "56",
        "brightness": 311.6,
        "version": "6.03",
        "daynight": "D",
        "frp": 5.3,
        "scan": 1.1,
        "type": "0"
    },
    {
        "latitude": 13.0329,
        "longitude": 120.8301,
        "acq_date": "2023-01-25",
        "acq_time": "0223",
        "satellite": "Terra",
        "instrument": "MODIS",
        "bright_t31": 299,
        "track": 1.1,
        "confidence": "57",
        "brightness": 313.2,
        "version": "6.03",
        "daynight": "D",
        "frp": 7.1,
        "scan": 1.1,
        "type": "0"
    },
    {
        "latitude": 10.3851,
        "longitude": 122.8988,
        "acq_date": "2023-01-25",
        "acq_time": "0542",
        "satellite": "Aqua",
        "instrument": "MODIS",
        "bright_t31": 296.5,
        "track": 1.2,
        "confidence": "58",
        "brightness": 317,
        "version": "6.03",
        "daynight": "D",
        "frp": 11.3,
        "scan": 1.5,
        "type": "0"
    },
    {
        "latitude": 12.7738,
        "longitude": 121.0313,
        "acq_date": "2023-01-25",
        "acq_time": "0543",
        "satellite": "Aqua",
        "instrument": "MODIS",
        "bright_t31": 296,
        "track": 1.1,
        "confidence": "85",
        "brightness": 333.5,
        "version": "6.03",
        "daynight": "D",
        "frp": 36.1,
        "scan": 1.2,
        "type": "0"
    },
    {
        "latitude": 12.7724,
        "longitude": 121.0212,
        "acq_date": "2023-01-25",
        "acq_time": "0543",
        "satellite": "Aqua",
        "instrument": "MODIS",
        "bright_t31": 297.2,
        "track": 1.1,
        "confidence": "90",
        "brightness": 340.8,
        "version": "6.03",
        "daynight": "D",
        "frp": 50,
        "scan": 1.2,
        "type": "0"
    },
    {
        "latitude": 14.7928,
        "longitude": 120.1175,
        "acq_date": "2023-01-25",
        "acq_time": "0543",
        "satellite": "Aqua",
        "instrument": "MODIS",
        "bright_t31": 305.3,
        "track": 1.1,
        "confidence": "60",
        "brightness": 324.4,
        "version": "6.03",
        "daynight": "D",
        "frp": 19.7,
        "scan": 1.1,
        "type": "0"
    },
    {
        "latitude": 14.7977,
        "longitude": 120.1213,
        "acq_date": "2023-01-25",
        "acq_time": "0543",
        "satellite": "Aqua",
        "instrument": "MODIS",
        "bright_t31": 303.1,
        "track": 1.1,
        "confidence": "63",
        "brightness": 328.9,
        "version": "6.03",
        "daynight": "D",
        "frp": 26.3,
        "scan": 1.1,
        "type": "0"
    },
    {
        "latitude": 14.7963,
        "longitude": 120.1107,
        "acq_date": "2023-01-25",
        "acq_time": "0543",
        "satellite": "Aqua",
        "instrument": "MODIS",
        "bright_t31": 303.8,
        "track": 1.1,
        "confidence": "62",
        "brightness": 327.2,
        "version": "6.03",
        "daynight": "D",
        "frp": 23.4,
        "scan": 1.1,
        "type": "0"
    },
    {
        "latitude": 14.9173,
        "longitude": 120.1073,
        "acq_date": "2023-01-25",
        "acq_time": "0543",
        "satellite": "Aqua",
        "instrument": "MODIS",
        "bright_t31": 301.1,
        "track": 1.1,
        "confidence": "91",
        "brightness": 341.6,
        "version": "6.03",
        "daynight": "D",
        "frp": 44.4,
        "scan": 1.1,
        "type": "0"
    },
    {
        "latitude": 14.9268,
        "longitude": 120.1066,
        "acq_date": "2023-01-25",
        "acq_time": "0543",
        "satellite": "Aqua",
        "instrument": "MODIS",
        "bright_t31": 301.2,
        "track": 1.1,
        "confidence": "77",
        "brightness": 323.2,
        "version": "6.03",
        "daynight": "D",
        "frp": 13.8,
        "scan": 1.1,
        "type": "0"
    },
    {
        "latitude": 15.164,
        "longitude": 120.1441,
        "acq_date": "2023-01-25",
        "acq_time": "0543",
        "satellite": "Aqua",
        "instrument": "MODIS",
        "bright_t31": 299.5,
        "track": 1.1,
        "confidence": "34",
        "brightness": 315.6,
        "version": "6.03",
        "daynight": "D",
        "frp": 10.4,
        "scan": 1.1,
        "type": "0"
    },
    {
        "latitude": 15.3303,
        "longitude": 120.0866,
        "acq_date": "2023-01-25",
        "acq_time": "0543",
        "satellite": "Aqua",
        "instrument": "MODIS",
        "bright_t31": 302.1,
        "track": 1.1,
        "confidence": "76",
        "brightness": 322.5,
        "version": "6.03",
        "daynight": "D",
        "frp": 13.5,
        "scan": 1.1,
        "type": "0"
    },
    {
        "latitude": 15.3825,
        "longitude": 120.0845,
        "acq_date": "2023-01-25",
        "acq_time": "0543",
        "satellite": "Aqua",
        "instrument": "MODIS",
        "bright_t31": 303,
        "track": 1.1,
        "confidence": "45",
        "brightness": 320.4,
        "version": "6.03",
        "daynight": "D",
        "frp": 12.4,
        "scan": 1.1,
        "type": "0"
    },
    {
        "latitude": 16.1298,
        "longitude": 120.7206,
        "acq_date": "2023-01-25",
        "acq_time": "0544",
        "satellite": "Aqua",
        "instrument": "MODIS",
        "bright_t31": 300.6,
        "track": 1.1,
        "confidence": "46",
        "brightness": 313.1,
        "version": "6.03",
        "daynight": "D",
        "frp": 9.1,
        "scan": 1.3,
        "type": "0"
    },
    {
        "latitude": 16.2553,
        "longitude": 120.6638,
        "acq_date": "2023-01-25",
        "acq_time": "0544",
        "satellite": "Aqua",
        "instrument": "MODIS",
        "bright_t31": 298.9,
        "track": 1.1,
        "confidence": "43",
        "brightness": 311.1,
        "version": "6.03",
        "daynight": "D",
        "frp": 8.3,
        "scan": 1.3,
        "type": "0"
    },
    {
        "latitude": 16.3289,
        "longitude": 120.6863,
        "acq_date": "2023-01-25",
        "acq_time": "0544",
        "satellite": "Aqua",
        "instrument": "MODIS",
        "bright_t31": 294.5,
        "track": 1.1,
        "confidence": "75",
        "brightness": 323.6,
        "version": "6.03",
        "daynight": "D",
        "frp": 23.7,
        "scan": 1.3,
        "type": "0"
    },
    {
        "latitude": 16.3274,
        "longitude": 120.6746,
        "acq_date": "2023-01-25",
        "acq_time": "0544",
        "satellite": "Aqua",
        "instrument": "MODIS",
        "bright_t31": 294.2,
        "track": 1.1,
        "confidence": "45",
        "brightness": 314.8,
        "version": "6.03",
        "daynight": "D",
        "frp": 13,
        "scan": 1.3,
        "type": "0"
    },
    {
        "latitude": 16.339,
        "longitude": 120.6861,
        "acq_date": "2023-01-25",
        "acq_time": "0544",
        "satellite": "Aqua",
        "instrument": "MODIS",
        "bright_t31": 296.4,
        "track": 1.1,
        "confidence": "41",
        "brightness": 317.9,
        "version": "6.03",
        "daynight": "D",
        "frp": 15.5,
        "scan": 1.3,
        "type": "0"
    },
    {
        "latitude": 16.3382,
        "longitude": 120.6802,
        "acq_date": "2023-01-25",
        "acq_time": "0544",
        "satellite": "Aqua",
        "instrument": "MODIS",
        "bright_t31": 295.9,
        "track": 1.1,
        "confidence": "57",
        "brightness": 326,
        "version": "6.03",
        "daynight": "D",
        "frp": 25.8,
        "scan": 1.3,
        "type": "0"
    },
    {
        "latitude": 17.5786,
        "longitude": 120.8197,
        "acq_date": "2023-01-25",
        "acq_time": "0544",
        "satellite": "Aqua",
        "instrument": "MODIS",
        "bright_t31": 301.1,
        "track": 1.1,
        "confidence": "51",
        "brightness": 312.8,
        "version": "6.03",
        "daynight": "D",
        "frp": 8.1,
        "scan": 1.3,
        "type": "0"
    },
    {
        "latitude": 15.8468,
        "longitude": 120.1529,
        "acq_date": "2023-01-25",
        "acq_time": "1756",
        "satellite": "Aqua",
        "instrument": "MODIS",
        "bright_t31": 291.8,
        "track": 1,
        "confidence": "100",
        "brightness": 335.1,
        "version": "6.03",
        "daynight": "N",
        "frp": 37.4,
        "scan": 1,
        "type": "0"
    },
    {
        "latitude": 15.8594,
        "longitude": 120.9658,
        "acq_date": "2023-01-25",
        "acq_time": "1756",
        "satellite": "Aqua",
        "instrument": "MODIS",
        "bright_t31": 291.9,
        "track": 1,
        "confidence": "81",
        "brightness": 310.9,
        "version": "6.03",
        "daynight": "N",
        "frp": 11.5,
        "scan": 1.1,
        "type": "0"
    },
    {
        "latitude": 15.8454,
        "longitude": 120.1622,
        "acq_date": "2023-01-25",
        "acq_time": "1756",
        "satellite": "Aqua",
        "instrument": "MODIS",
        "bright_t31": 289.8,
        "track": 1,
        "confidence": "73",
        "brightness": 307.9,
        "version": "6.03",
        "daynight": "N",
        "frp": 8.6,
        "scan": 1,
        "type": "0"
    },
    {
        "latitude": 14.9294,
        "longitude": 120.1183,
        "acq_date": "2023-01-25",
        "acq_time": "1756",
        "satellite": "Aqua",
        "instrument": "MODIS",
        "bright_t31": 291.2,
        "track": 1,
        "confidence": "83",
        "brightness": 311.7,
        "version": "6.03",
        "daynight": "N",
        "frp": 11.2,
        "scan": 1,
        "type": "0"
    },
    {
        "latitude": 14.8234,
        "longitude": 120.1436,
        "acq_date": "2023-01-25",
        "acq_time": "1756",
        "satellite": "Aqua",
        "instrument": "MODIS",
        "bright_t31": 291.7,
        "track": 1,
        "confidence": "88",
        "brightness": 314.1,
        "version": "6.03",
        "daynight": "N",
        "frp": 13,
        "scan": 1,
        "type": "0"
    },
    {
        "latitude": 14.822,
        "longitude": 120.153,
        "acq_date": "2023-01-25",
        "acq_time": "1756",
        "satellite": "Aqua",
        "instrument": "MODIS",
        "bright_t31": 291.1,
        "track": 1,
        "confidence": "55",
        "brightness": 303.5,
        "version": "6.03",
        "daynight": "N",
        "frp": 5.6,
        "scan": 1,
        "type": "0"
    },
    {
        "latitude": 16.1996,
        "longitude": 120.806,
        "acq_date": "2023-01-26",
        "acq_time": "1355",
        "satellite": "Terra",
        "instrument": "MODIS",
        "bright_t31": 268.7,
        "track": 1,
        "confidence": "100",
        "brightness": 322.4,
        "version": "6.03",
        "daynight": "N",
        "frp": 22.8,
        "scan": 1,
        "type": "0"
    },
    {
        "latitude": 16.1983,
        "longitude": 120.7965,
        "acq_date": "2023-01-26",
        "acq_time": "1355",
        "satellite": "Terra",
        "instrument": "MODIS",
        "bright_t31": 273.4,
        "track": 1,
        "confidence": "76",
        "brightness": 308.9,
        "version": "6.03",
        "daynight": "N",
        "frp": 11,
        "scan": 1,
        "type": "0"
    },
    {
        "latitude": 18.1341,
        "longitude": 120.9218,
        "acq_date": "2023-01-26",
        "acq_time": "1355",
        "satellite": "Terra",
        "instrument": "MODIS",
        "bright_t31": 284.8,
        "track": 1,
        "confidence": "51",
        "brightness": 305,
        "version": "6.03",
        "daynight": "N",
        "frp": 8.3,
        "scan": 1,
        "type": "0"
    },
    {
        "latitude": 16.3478,
        "longitude": 120.6916,
        "acq_date": "2023-01-27",
        "acq_time": "0206",
        "satellite": "Terra",
        "instrument": "MODIS",
        "bright_t31": 294.3,
        "track": 1.1,
        "confidence": "21",
        "brightness": 310,
        "version": "6.03",
        "daynight": "D",
        "frp": 7.5,
        "scan": 1.2,
        "type": "0"
    },
    {
        "latitude": 15.6107,
        "longitude": 120.2358,
        "acq_date": "2023-01-27",
        "acq_time": "0207",
        "satellite": "Terra",
        "instrument": "MODIS",
        "bright_t31": 291.1,
        "track": 1.1,
        "confidence": "71",
        "brightness": 318.2,
        "version": "6.03",
        "daynight": "D",
        "frp": 17.9,
        "scan": 1.3,
        "type": "0"
    },
    {
        "latitude": 15.2499,
        "longitude": 120.3322,
        "acq_date": "2023-01-27",
        "acq_time": "0207",
        "satellite": "Terra",
        "instrument": "MODIS",
        "bright_t31": 292.6,
        "track": 1.1,
        "confidence": "43",
        "brightness": 310.3,
        "version": "6.03",
        "daynight": "D",
        "frp": 7.1,
        "scan": 1.2,
        "type": "0"
    },
    {
        "latitude": 6.901,
        "longitude": 124.6288,
        "acq_date": "2023-01-27",
        "acq_time": "0528",
        "satellite": "Aqua",
        "instrument": "MODIS",
        "bright_t31": 295.5,
        "track": 1,
        "confidence": "75",
        "brightness": 322.4,
        "version": "6.03",
        "daynight": "D",
        "frp": 12.8,
        "scan": 1.1,
        "type": "0"
    },
    {
        "latitude": 7.024,
        "longitude": 124.247,
        "acq_date": "2023-01-27",
        "acq_time": "0528",
        "satellite": "Aqua",
        "instrument": "MODIS",
        "bright_t31": 294.5,
        "track": 1,
        "confidence": "66",
        "brightness": 317,
        "version": "6.03",
        "daynight": "D",
        "frp": 8.1,
        "scan": 1,
        "type": "0"
    },
    {
        "latitude": 7.1089,
        "longitude": 124.665,
        "acq_date": "2023-01-27",
        "acq_time": "0528",
        "satellite": "Aqua",
        "instrument": "MODIS",
        "bright_t31": 292.8,
        "track": 1,
        "confidence": "64",
        "brightness": 315.7,
        "version": "6.03",
        "daynight": "D",
        "frp": 5.8,
        "scan": 1.1,
        "type": "0"
    },
    {
        "latitude": 17.5966,
        "longitude": 120.5806,
        "acq_date": "2023-01-27",
        "acq_time": "0531",
        "satellite": "Aqua",
        "instrument": "MODIS",
        "bright_t31": 306.8,
        "track": 1,
        "confidence": "65",
        "brightness": 330.6,
        "version": "6.03",
        "daynight": "D",
        "frp": 18.2,
        "scan": 1,
        "type": "0"
    },
    {
        "latitude": 17.6317,
        "longitude": 120.5085,
        "acq_date": "2023-01-27",
        "acq_time": "0531",
        "satellite": "Aqua",
        "instrument": "MODIS",
        "bright_t31": 300,
        "track": 1,
        "confidence": "43",
        "brightness": 312.6,
        "version": "6.03",
        "daynight": "D",
        "frp": 6.2,
        "scan": 1,
        "type": "0"
    },
    {
        "latitude": 17.778,
        "longitude": 120.7334,
        "acq_date": "2023-01-27",
        "acq_time": "1742",
        "satellite": "Aqua",
        "instrument": "MODIS",
        "bright_t31": 289.3,
        "track": 1.1,
        "confidence": "40",
        "brightness": 301.8,
        "version": "6.03",
        "daynight": "N",
        "frp": 5.6,
        "scan": 1.1,
        "type": "0"
    },
    {
        "latitude": 16.1473,
        "longitude": 120.8096,
        "acq_date": "2023-01-27",
        "acq_time": "1743",
        "satellite": "Aqua",
        "instrument": "MODIS",
        "bright_t31": 285.1,
        "track": 1,
        "confidence": "67",
        "brightness": 306.2,
        "version": "6.03",
        "daynight": "N",
        "frp": 10,
        "scan": 1.1,
        "type": "0"
    },
    {
        "latitude": 17.777,
        "longitude": 120.7362,
        "acq_date": "2023-01-28",
        "acq_time": "0247",
        "satellite": "Terra",
        "instrument": "MODIS",
        "bright_t31": 291.7,
        "track": 1.5,
        "confidence": "80",
        "brightness": 327.4,
        "version": "6.03",
        "daynight": "D",
        "frp": 89.8,
        "scan": 2.5,
        "type": "0"
    },
    {
        "latitude": 17.7632,
        "longitude": 120.7361,
        "acq_date": "2023-01-28",
        "acq_time": "0247",
        "satellite": "Terra",
        "instrument": "MODIS",
        "bright_t31": 291.6,
        "track": 1.5,
        "confidence": "58",
        "brightness": 313.5,
        "version": "6.03",
        "daynight": "D",
        "frp": 37.5,
        "scan": 2.5,
        "type": "0"
    },
    {
        "latitude": 17.7683,
        "longitude": 120.7299,
        "acq_date": "2023-01-28",
        "acq_time": "0247",
        "satellite": "Terra",
        "instrument": "MODIS",
        "bright_t31": 292.3,
        "track": 1.5,
        "confidence": "86",
        "brightness": 333.8,
        "version": "6.03",
        "daynight": "D",
        "frp": 120.6,
        "scan": 2.5,
        "type": "0"
    },
    {
        "latitude": 12.7812,
        "longitude": 121.0054,
        "acq_date": "2023-01-29",
        "acq_time": "0516",
        "satellite": "Aqua",
        "instrument": "MODIS",
        "bright_t31": 283.8,
        "track": 1.2,
        "confidence": "65",
        "brightness": 316.3,
        "version": "6.03",
        "daynight": "D",
        "frp": 21.4,
        "scan": 1.5,
        "type": "0"
    },
    {
        "latitude": 12.904,
        "longitude": 121.0571,
        "acq_date": "2023-01-29",
        "acq_time": "0516",
        "satellite": "Aqua",
        "instrument": "MODIS",
        "bright_t31": 292.4,
        "track": 1.2,
        "confidence": "51",
        "brightness": 315.5,
        "version": "6.03",
        "daynight": "D",
        "frp": 20.4,
        "scan": 1.4,
        "type": "0"
    },
    {
        "latitude": 12.9019,
        "longitude": 121.0437,
        "acq_date": "2023-01-29",
        "acq_time": "0516",
        "satellite": "Aqua",
        "instrument": "MODIS",
        "bright_t31": 291.8,
        "track": 1.2,
        "confidence": "76",
        "brightness": 327.9,
        "version": "6.03",
        "daynight": "D",
        "frp": 39.7,
        "scan": 1.4,
        "type": "0"
    },
    {
        "latitude": 15.0476,
        "longitude": 120.4839,
        "acq_date": "2023-01-29",
        "acq_time": "0517",
        "satellite": "Aqua",
        "instrument": "MODIS",
        "bright_t31": 291.5,
        "track": 1.2,
        "confidence": "68",
        "brightness": 322,
        "version": "6.03",
        "daynight": "D",
        "frp": 24.1,
        "scan": 1.4,
        "type": "0"
    },
    {
        "latitude": 15.0455,
        "longitude": 120.471,
        "acq_date": "2023-01-29",
        "acq_time": "0517",
        "satellite": "Aqua",
        "instrument": "MODIS",
        "bright_t31": 290.8,
        "track": 1.2,
        "confidence": "73",
        "brightness": 328.8,
        "version": "6.03",
        "daynight": "D",
        "frp": 38.6,
        "scan": 1.5,
        "type": "0"
    },
    {
        "latitude": 15.0651,
        "longitude": 120.2976,
        "acq_date": "2023-01-29",
        "acq_time": "0517",
        "satellite": "Aqua",
        "instrument": "MODIS",
        "bright_t31": 289.8,
        "track": 1.2,
        "confidence": "52",
        "brightness": 312.7,
        "version": "6.03",
        "daynight": "D",
        "frp": 13.4,
        "scan": 1.5,
        "type": "0"
    },
    {
        "latitude": 15.0628,
        "longitude": 120.2837,
        "acq_date": "2023-01-29",
        "acq_time": "0517",
        "satellite": "Aqua",
        "instrument": "MODIS",
        "bright_t31": 289.7,
        "track": 1.2,
        "confidence": "75",
        "brightness": 319.9,
        "version": "6.03",
        "daynight": "D",
        "frp": 23.4,
        "scan": 1.5,
        "type": "0"
    },
    {
        "latitude": 15.3104,
        "longitude": 121.0364,
        "acq_date": "2023-01-29",
        "acq_time": "0517",
        "satellite": "Aqua",
        "instrument": "MODIS",
        "bright_t31": 294.8,
        "track": 1.1,
        "confidence": "74",
        "brightness": 319.1,
        "version": "6.03",
        "daynight": "D",
        "frp": 15.8,
        "scan": 1.3,
        "type": "0"
    },
    {
        "latitude": 15.4474,
        "longitude": 121.0624,
        "acq_date": "2023-01-29",
        "acq_time": "0517",
        "satellite": "Aqua",
        "instrument": "MODIS",
        "bright_t31": 291.9,
        "track": 1.1,
        "confidence": "58",
        "brightness": 321.6,
        "version": "6.03",
        "daynight": "D",
        "frp": 16.4,
        "scan": 1.3,
        "type": "0"
    },
    {
        "latitude": 18.3172,
        "longitude": 120.8518,
        "acq_date": "2023-01-30",
        "acq_time": "0231",
        "satellite": "Terra",
        "instrument": "MODIS",
        "bright_t31": 292.4,
        "track": 1.1,
        "confidence": "41",
        "brightness": 311.5,
        "version": "6.03",
        "daynight": "D",
        "frp": 12.8,
        "scan": 1.3,
        "type": "0"
    },
    {
        "latitude": 18.3154,
        "longitude": 120.8625,
        "acq_date": "2023-01-30",
        "acq_time": "0231",
        "satellite": "Terra",
        "instrument": "MODIS",
        "bright_t31": 290,
        "track": 1.1,
        "confidence": "76",
        "brightness": 323.1,
        "version": "6.03",
        "daynight": "D",
        "frp": 28,
        "scan": 1.3,
        "type": "0"
    },
    {
        "latitude": 17.0341,
        "longitude": 120.8442,
        "acq_date": "2023-01-30",
        "acq_time": "0231",
        "satellite": "Terra",
        "instrument": "MODIS",
        "bright_t31": 290.7,
        "track": 1.1,
        "confidence": "64",
        "brightness": 307.9,
        "version": "6.03",
        "daynight": "D",
        "frp": 11.7,
        "scan": 1.3,
        "type": "0"
    },
    {
        "latitude": 17.0323,
        "longitude": 120.855,
        "acq_date": "2023-01-30",
        "acq_time": "0231",
        "satellite": "Terra",
        "instrument": "MODIS",
        "bright_t31": 288.3,
        "track": 1.1,
        "confidence": "64",
        "brightness": 308.2,
        "version": "6.03",
        "daynight": "D",
        "frp": 12.2,
        "scan": 1.3,
        "type": "0"
    },
    {
        "latitude": 15.6177,
        "longitude": 120.6401,
        "acq_date": "2023-01-30",
        "acq_time": "0232",
        "satellite": "Terra",
        "instrument": "MODIS",
        "bright_t31": 297.2,
        "track": 1.2,
        "confidence": "54",
        "brightness": 312.3,
        "version": "6.03",
        "daynight": "D",
        "frp": 7.1,
        "scan": 1.4,
        "type": "0"
    },
    {
        "latitude": 15.4878,
        "longitude": 120.3668,
        "acq_date": "2023-01-30",
        "acq_time": "0232",
        "satellite": "Terra",
        "instrument": "MODIS",
        "bright_t31": 294.9,
        "track": 1.1,
        "confidence": "82",
        "brightness": 328,
        "version": "6.03",
        "daynight": "D",
        "frp": 31.1,
        "scan": 1.3,
        "type": "0"
    },
    {
        "latitude": 15.4858,
        "longitude": 120.379,
        "acq_date": "2023-01-30",
        "acq_time": "0232",
        "satellite": "Terra",
        "instrument": "MODIS",
        "bright_t31": 296.5,
        "track": 1.1,
        "confidence": "36",
        "brightness": 318.3,
        "version": "6.03",
        "daynight": "D",
        "frp": 14.6,
        "scan": 1.3,
        "type": "0"
    },
    {
        "latitude": 15.407,
        "longitude": 120.6686,
        "acq_date": "2023-01-30",
        "acq_time": "0232",
        "satellite": "Terra",
        "instrument": "MODIS",
        "bright_t31": 298.9,
        "track": 1.2,
        "confidence": "71",
        "brightness": 322.8,
        "version": "6.03",
        "daynight": "D",
        "frp": 17.5,
        "scan": 1.4,
        "type": "0"
    },
    {
        "latitude": 15.4101,
        "longitude": 120.6633,
        "acq_date": "2023-01-30",
        "acq_time": "0232",
        "satellite": "Terra",
        "instrument": "MODIS",
        "bright_t31": 298.8,
        "track": 1.2,
        "confidence": "62",
        "brightness": 319.9,
        "version": "6.03",
        "daynight": "D",
        "frp": 13.1,
        "scan": 1.4,
        "type": "0"
    },
    {
        "latitude": 15.3994,
        "longitude": 120.5336,
        "acq_date": "2023-01-30",
        "acq_time": "0232",
        "satellite": "Terra",
        "instrument": "MODIS",
        "bright_t31": 297.5,
        "track": 1.2,
        "confidence": "79",
        "brightness": 323.1,
        "version": "6.03",
        "daynight": "D",
        "frp": 21.6,
        "scan": 1.4,
        "type": "0"
    },
    {
        "latitude": 15.3974,
        "longitude": 120.546,
        "acq_date": "2023-01-30",
        "acq_time": "0232",
        "satellite": "Terra",
        "instrument": "MODIS",
        "bright_t31": 297.4,
        "track": 1.2,
        "confidence": "83",
        "brightness": 328,
        "version": "6.03",
        "daynight": "D",
        "frp": 31,
        "scan": 1.4,
        "type": "0"
    },
    {
        "latitude": 15.4031,
        "longitude": 120.4457,
        "acq_date": "2023-01-30",
        "acq_time": "0232",
        "satellite": "Terra",
        "instrument": "MODIS",
        "bright_t31": 297.1,
        "track": 1.1,
        "confidence": "72",
        "brightness": 317.3,
        "version": "6.03",
        "daynight": "D",
        "frp": 15.7,
        "scan": 1.3,
        "type": "0"
    },
    {
        "latitude": 15.3238,
        "longitude": 120.7393,
        "acq_date": "2023-01-30",
        "acq_time": "0232",
        "satellite": "Terra",
        "instrument": "MODIS",
        "bright_t31": 296.6,
        "track": 1.2,
        "confidence": "70",
        "brightness": 315.6,
        "version": "6.03",
        "daynight": "D",
        "frp": 14.3,
        "scan": 1.4,
        "type": "0"
    },
    {
        "latitude": 15.3217,
        "longitude": 120.752,
        "acq_date": "2023-01-30",
        "acq_time": "0232",
        "satellite": "Terra",
        "instrument": "MODIS",
        "bright_t31": 296.4,
        "track": 1.2,
        "confidence": "69",
        "brightness": 315.5,
        "version": "6.03",
        "daynight": "D",
        "frp": 14,
        "scan": 1.4,
        "type": "0"
    },
    {
        "latitude": 15.248,
        "longitude": 120.5205,
        "acq_date": "2023-01-30",
        "acq_time": "0232",
        "satellite": "Terra",
        "instrument": "MODIS",
        "bright_t31": 296.3,
        "track": 1.2,
        "confidence": "39",
        "brightness": 314.5,
        "version": "6.03",
        "daynight": "D",
        "frp": 11.1,
        "scan": 1.4,
        "type": "0"
    },
    {
        "latitude": 15.2421,
        "longitude": 120.5578,
        "acq_date": "2023-01-30",
        "acq_time": "0232",
        "satellite": "Terra",
        "instrument": "MODIS",
        "bright_t31": 297.9,
        "track": 1.2,
        "confidence": "35",
        "brightness": 314.5,
        "version": "6.03",
        "daynight": "D",
        "frp": 8.1,
        "scan": 1.4,
        "type": "2"
    },
    {
        "latitude": 15.295,
        "longitude": 120.158,
        "acq_date": "2023-01-30",
        "acq_time": "0232",
        "satellite": "Terra",
        "instrument": "MODIS",
        "bright_t31": 297.4,
        "track": 1.1,
        "confidence": "58",
        "brightness": 313.4,
        "version": "6.03",
        "daynight": "D",
        "frp": 7.5,
        "scan": 1.3,
        "type": "0"
    },
    {
        "latitude": 14.8771,
        "longitude": 120.0762,
        "acq_date": "2023-01-30",
        "acq_time": "0232",
        "satellite": "Terra",
        "instrument": "MODIS",
        "bright_t31": 296.3,
        "track": 1.1,
        "confidence": "0",
        "brightness": 315.5,
        "version": "6.03",
        "daynight": "D",
        "frp": 11.6,
        "scan": 1.3,
        "type": "0"
    },
    {
        "latitude": 14.8754,
        "longitude": 120.087,
        "acq_date": "2023-01-30",
        "acq_time": "0232",
        "satellite": "Terra",
        "instrument": "MODIS",
        "bright_t31": 296.1,
        "track": 1.1,
        "confidence": "58",
        "brightness": 313.6,
        "version": "6.03",
        "daynight": "D",
        "frp": 9.9,
        "scan": 1.3,
        "type": "0"
    },
    {
        "latitude": 14.8007,
        "longitude": 120.3626,
        "acq_date": "2023-01-30",
        "acq_time": "0232",
        "satellite": "Terra",
        "instrument": "MODIS",
        "bright_t31": 295.7,
        "track": 1.2,
        "confidence": "48",
        "brightness": 310,
        "version": "6.03",
        "daynight": "D",
        "frp": 8.6,
        "scan": 1.4,
        "type": "0"
    },
    {
        "latitude": 15.9218,
        "longitude": 121.0694,
        "acq_date": "2023-01-30",
        "acq_time": "0559",
        "satellite": "Aqua",
        "instrument": "MODIS",
        "bright_t31": 293.2,
        "track": 1.5,
        "confidence": "67",
        "brightness": 319.6,
        "version": "6.03",
        "daynight": "D",
        "frp": 47.3,
        "scan": 2.5,
        "type": "0"
    },
    {
        "latitude": 16.0919,
        "longitude": 120.8439,
        "acq_date": "2023-01-30",
        "acq_time": "0559",
        "satellite": "Aqua",
        "instrument": "MODIS",
        "bright_t31": 294.9,
        "track": 1.5,
        "confidence": "44",
        "brightness": 313.1,
        "version": "6.03",
        "daynight": "D",
        "frp": 28.1,
        "scan": 2.5,
        "type": "0"
    },
    {
        "latitude": 16.1816,
        "longitude": 120.7523,
        "acq_date": "2023-01-30",
        "acq_time": "0559",
        "satellite": "Aqua",
        "instrument": "MODIS",
        "bright_t31": 294.4,
        "track": 1.5,
        "confidence": "36",
        "brightness": 311.2,
        "version": "6.03",
        "daynight": "D",
        "frp": 16.1,
        "scan": 2.4,
        "type": "0"
    },
    {
        "latitude": 15.3709,
        "longitude": 121.1146,
        "acq_date": "2023-01-31",
        "acq_time": "1403",
        "satellite": "Terra",
        "instrument": "MODIS",
        "bright_t31": 289.9,
        "track": 1,
        "confidence": "38",
        "brightness": 301.2,
        "version": "6.03",
        "daynight": "N",
        "frp": 4.4,
        "scan": 1.1,
        "type": "0"
    },
    {
        "latitude": 15.5171,
        "longitude": 121.3085,
        "acq_date": "2023-01-31",
        "acq_time": "1404",
        "satellite": "Terra",
        "instrument": "MODIS",
        "bright_t31": 291.1,
        "track": 1,
        "confidence": "86",
        "brightness": 313.1,
        "version": "6.03",
        "daynight": "N",
        "frp": 12.3,
        "scan": 1.1,
        "type": "0"
    },
    {
        "latitude": 15.5262,
        "longitude": 121.3065,
        "acq_date": "2023-01-31",
        "acq_time": "1404",
        "satellite": "Terra",
        "instrument": "MODIS",
        "bright_t31": 290.4,
        "track": 1,
        "confidence": "90",
        "brightness": 314.7,
        "version": "6.03",
        "daynight": "N",
        "frp": 14.1,
        "scan": 1.1,
        "type": "0"
    },
    {
        "latitude": 15.5249,
        "longitude": 121.297,
        "acq_date": "2023-01-31",
        "acq_time": "1404",
        "satellite": "Terra",
        "instrument": "MODIS",
        "bright_t31": 290.7,
        "track": 1,
        "confidence": "29",
        "brightness": 302.9,
        "version": "6.03",
        "daynight": "N",
        "frp": 4.7,
        "scan": 1.1,
        "type": "0"
    },
    {
        "latitude": 15.5324,
        "longitude": 121.2994,
        "acq_date": "2023-01-31",
        "acq_time": "1404",
        "satellite": "Terra",
        "instrument": "MODIS",
        "bright_t31": 289.6,
        "track": 1,
        "confidence": "55",
        "brightness": 303.5,
        "version": "6.03",
        "daynight": "N",
        "frp": 6.5,
        "scan": 1.1,
        "type": "0"
    }
]
